{"component":true,"disableScroll":true,"usingComponents":{"van-button":"../components/vant/button/index","van-empty":"../components/vant/empty/index","van-field":"../components/vant/field/index","van-overlay":"../components/vant/overlay/index","van-popup":"../components/vant/popup/index","van-icon":"../components/vant/icon/index","login-agreement":"../components/agreement/index","phone-login":"../components/phone-login/index","van-toast":"../../../vant/toast/index","van-dialog":"../../../vant/dialog/index","van-row":"../../../vant/row/index","van-col":"../../../vant/col/index","van-image":"../../../vant/image/index","van-tag":"../../../vant/tag/index","van-tabs":"../../../vant/tabs/index","van-tab":"../../../vant/tab/index","van-cascader":"../../../vant/cascader/index","van-cell-group":"../../../vant/cell-group/index","van-cell":"../../../vant/cell/index","van-swipe-cell":"../../../vant/swipe-cell/index","van-tree-select":"../../../vant/tree-select/index","van-sticky":"../../../vant/sticky/index","van-transition":"../../../vant/transition/index","van-card":"../../../vant/card/index","van-dropdown-menu":"../../../vant/dropdown-menu/index","van-dropdown-item":"../../../vant/dropdown-item/index","van-checkbox-group":"../../../vant/checkbox-group/index","van-checkbox":"../../../vant/checkbox/index","van-radio-group":"../../../vant/radio-group/index","van-radio":"../../../vant/radio/index","van-loading":"../../../vant/loading/index","van-action-sheet":"../../../vant/action-sheet/index","van-datetime-picker":"../../../vant/datetime-picker/index","van-picker":"../../../vant/picker/index","picker-column":"../../../vant/picker-column/index","vant-picker-column":"../../../vant/picker-column/index","header":"../../../vant/calendar/components/header/index","month":"../../../vant/calendar/components/month/index","van-collapse":"../../../vant/collapse/index","van-collapse-item":"../../../vant/collapse-item/index"}}