{"component":true,"usingComponents":{"action-sheet":"/components/action-sheet/action-sheet","v2g-toast":"../../../../components/toast/toast","loading":"../../../../components/loading/loading","modal":"../../../../components/modal/modal","fav-tip":"../../../../components/fav-tip/fav-tip","no-ask-tip":"/components/no-ask-tip/no-ask-tip","coin-alert":"/components/coin-alert/coin-alert","group-add":"/components/group-add/group-add","ad-mix":"/components/ad-mix/ad-mix","coral-adv":"plugin://coral-adv/adv"}}