{
    "enablePullDownRefresh": true,
    "usingComponents": {
        "Layout": "/components/Layout/Layout",
        "Loading": "/components/Loading/Loading",
        "PageError": "/components/PageError/PageError",
        "ServiceFollow": "/components/ServiceFollow/ServiceFollow",
        "ActionSheet": "/components/ActionSheet/ActionSheet",
        "DailyHeader": "/components/daily/DailyHeader/DailyHeader",
        "DailyItem": "/components/daily/DailyItem/DailyItem",
        "GroupEntrance": "/components/GroupEntrance/GroupEntrance",
        "DailyReportPlayer": "/components/DailyReportPlayer/DailyReportPlayer",
        "DailyCalendar": "/components/DailyCalendar/DailyCalendar"
    }
}