{
    "usingComponents": {
        "Layout": "/components/Layout/Layout",
        "NewActionSheet": "/components/ActionSheet/ActionSheet",
        "NotFound": "/components/NotFound/NotFound",
        "ServiceFollow": "/components/ServiceFollow/ServiceFollow",
        "BeautifulParagraph": "/components/BeautifulParagraph/BeautifulParagraph",
        "SubscribeMessage": "/components/SubscribeMessage/SubscribeMessage",
        "DailyOpenSetting": "/components/DailyOpenSetting/DailyOpenSetting",
        "EntityStockFileActivity": "/components/EntityStockFileActivity/EntityStockFileActivity",
        "EntityTags": "/components/EntityTags/EntityTags",
        "LoginDialog": "/components/LoginDialog/LoginDialog",
        "JoinProDialog": "/components/pro/JoinDialog/JoinDialog",
        "DailySubRecallDialog": "/components/DailySubRecallDialog/DailySubRecallDialog"
    }
}