{
    "usingComponents": {
        "ActionSheet": "/components/ActionSheet/ActionSheet",
        "Card": "/components/TopicListCard/TopicListCard",
        "Layout": "/components/Layout/Layout",
        "Loading": "/components/Loading/Loading",
        "PageError": "/components/PageError/PageError",
        "ServiceFollow": "/components/ServiceFollow/ServiceFollow",
        "AdOptions": "/components/AdOptions/AdOptions",
        "SubscribeMessage": "/components/SubscribeMessage/SubscribeMessage",
        "DailyCalendar": "/components/DailyCalendar/DailyCalendar",
        "AuthPanel": "/components/AuthPanel/AuthPanel"
    }
}