{"component":true,"usingComponents":{"van-button":"../../../button/index","van-toast":"../../../toast/index","van-dialog":"../../../dialog/index","van-icon":"../../../icon/index","van-row":"../../../row/index","van-col":"../../../col/index","van-image":"../../../image/index","van-tag":"../../../tag/index","van-tabs":"../../../tabs/index","van-tab":"../../../tab/index","van-cascader":"../../../cascader/index","van-cell-group":"../../../cell-group/index","van-cell":"../../../cell/index","van-swipe-cell":"../../../swipe-cell/index","van-tree-select":"../../../tree-select/index","van-sticky":"../../../sticky/index","van-popup":"../../../popup/index","van-overlay":"../../../overlay/index","van-transition":"../../../transition/index","van-card":"../../../card/index","van-dropdown-menu":"../../../dropdown-menu/index","van-dropdown-item":"../../../dropdown-item/index","van-checkbox-group":"../../../checkbox-group/index","van-checkbox":"../../../checkbox/index","van-radio-group":"../../../radio-group/index","van-radio":"../../../radio/index","van-loading":"../../../loading/index","van-action-sheet":"../../../action-sheet/index","van-datetime-picker":"../../../datetime-picker/index","van-picker":"../../../picker/index","picker-column":"../../../picker-column/index","vant-picker-column":"../../../picker-column/index","header":"../header/index","month":"./index","van-collapse":"../../../collapse/index","van-collapse-item":"../../../collapse-item/index"}}