{"navigationStyle":"custom","enablePullDownRefresh":false,"usingComponents":{"img":"../../components/img/img","van-skeleton":"../../miniprogram_npm/@vant/weapp/skeleton/index","van-cell-group":"../../miniprogram_npm/@vant/weapp/cell-group/index","van-cell":"../../miniprogram_npm/@vant/weapp/cell/index","van-index-bar":"../../miniprogram_npm/@vant/weapp/index-bar/index","van-index-anchor":"../../miniprogram_npm/@vant/weapp/index-anchor/index","van-tag":"../../miniprogram_npm/@vant/weapp/tag/index","van-dialog":"../../miniprogram_npm/@vant/weapp/dialog/index","van-field":"../../miniprogram_npm/@vant/weapp/field/index","van-button":"../../miniprogram_npm/@vant/weapp/button/index","van-action-sheet":"../../miniprogram_npm/@vant/weapp/action-sheet/index","van-icon":"../../miniprogram_npm/@vant/weapp/icon/index","van-empty":"../../miniprogram_npm/@vant/weapp/empty/index","van-loading":"../../miniprogram_npm/@vant/weapp/loading/index","van-nav-bar":"../../miniprogram_npm/@vant/weapp/nav-bar/index","van-tab":"../../miniprogram_npm/@vant/weapp/tab/index","van-tabs":"../../miniprogram_npm/@vant/weapp/tabs/index","van-divider":"../../miniprogram_npm/@vant/weapp/divider/index"}}