{"navigationBarTitleText":"我的粉丝","usingComponents":{"van-skeleton":"../../miniprogram_npm/@vant/weapp/skeleton/index","van-button":"../../miniprogram_npm/@vant/weapp/button/index","van-loading":"../../miniprogram_npm/@vant/weapp/loading/index","van-empty":"../../miniprogram_npm/@vant/weapp/empty/index","van-cell":"../../miniprogram_npm/@vant/weapp/cell/index","van-cell-group":"../../miniprogram_npm/@vant/weapp/cell-group/index","van-divider":"../../miniprogram_npm/@vant/weapp/divider/index","van-icon":"../../miniprogram_npm/@vant/weapp/icon/index","van-image":"../../miniprogram_npm/@vant/weapp/image/index"}}