{"subPackages":[{"root":"pages/subPages/"}],"entryPagePath":"pages/index.html","pages":["pages/index","pages/activate","pages/upValue","pages/learnIndex","pages/report","pages/reviewIndex","pages/reviewFilter","pages/points","pages/web","pages/ranking","pages/study","pages/upValueList","pages/studyData","pages/wrongTopic","pages/share","pages/subPages/vip"],"page":{"pages/index.html":{"window":{"navigationBarTitleText":"","navigationBarTextStyle":"black","navigationBarBackgroundColor":"#6787FF"}},"pages/activate.html":{"window":{}},"pages/upValue.html":{"window":{"navigationBarTitleText":"我的UP值","navigationBarBackgroundColor":"#7B99FF","navigationBarTextStyle":"white"}},"pages/learnIndex.html":{"window":{"navigationBarTitleText":"考点预览","navigationBarTextStyle":"white","navigationBarBackgroundColor":"#7B99FF"}},"pages/report.html":{"window":{"navigationBarTitleText":"刷题报告"}},"pages/reviewIndex.html":{"window":{"navigationBarTitleText":"考点复习","navigationBarTextStyle":"black","navigationBarBackgroundColor":"#fff"}},"pages/reviewFilter.html":{"window":{"navigationBarTitleText":"选择复习题目","navigationBarBackgroundColor":"#fff"}},"pages/points.html":{"window":{"navigationBarTitleText":"回顾本题考察的考点","navigationBarBackgroundColor":"#F9FAFC"}},"pages/web.html":{"window":{"navigationBarTitleText":""}},"pages/ranking.html":{"window":{"navigationBarTitleText":"看看排名情况"}},"pages/study.html":{"window":{"navigationBarTitleText":"正在答题","navigationBarTextStyle":"black","navigationBarBackgroundColor":"#F9FAFC"}},"pages/upValueList.html":{"window":{"navigationBarTitleText":"收支明细"}},"pages/studyData.html":{"window":{"navigationBarTitleText":"","navigationBarBackgroundColor":"#7B99FF","navigationBarTextStyle":"white"}},"pages/wrongTopic.html":{"window":{"navigationBarTitleText":"正在复习错过的题","navigationBarTextStyle":"black","navigationBarBackgroundColor":"#F9FAFC"}},"pages/share.html":{"window":{"navigationBarTitleText":"活动详情"}},"pages/subPages/vip.html":{"window":{"navigationBarTitleText":"考虫考研政治1000题"}}},"global":{"window":{"backgroundTextStyle":"light","navigationBarBackgroundColor":"#fff","navigationBarTitleText":"WeChat","navigationBarTextStyle":"black","backgroundColor":"#FFFFFF","backgroundColorTop":"#FFFFFF","backgroundColorBottom":"#FFFFFF"}},"navigateToMiniProgramAppIdList":["wxfa0c84e2ddfb8989","wx8abaf00ee8c3202e"],"renderer":{"allUsed":["webview"],"default":"webview"},"__usePrivacyCheck__":true}