{"usingComponents":{"van-cell":"../../../miniprogram_npm/@vant/weapp/cell/index","van-cell-group":"../../../miniprogram_npm/@vant/weapp/cell-group/index","van-field":"../../../miniprogram_npm/@vant/weapp/field/index","van-stepper":"../../../miniprogram_npm/@vant/weapp/stepper/index","van-button":"../../../miniprogram_npm/@vant/weapp/button/index","van-icon":"../../../miniprogram_npm/@vant/weapp/icon/index","van-tab":"../../../miniprogram_npm/@vant/weapp/tab/index","van-tabs":"../../../miniprogram_npm/@vant/weapp/tabs/index","van-switch":"../../../miniprogram_npm/@vant/weapp/switch/index","van-popup":"../../../miniprogram_npm/@vant/weapp/popup/index","BluetoothPrinterList":"../../../components/bluetoothPrinter/list","privacy-popup":"../../../components/privacyPopup/index","van-radio":"../../../miniprogram_npm/@vant/weapp/radio/index","van-radio-group":"../../../miniprogram_npm/@vant/weapp/radio-group/index","van-datetime-picker":"../../../miniprogram_npm/@vant/weapp/datetime-picker/index"}}