{"component":true,"usingComponents":{"ActionSheet":"/components/ActionSheet/ActionSheet","user-profile-views":"../../../miniprogram_npm/@mina-components/user-profile-views/index","privacy-popup":"../../../miniprogram_npm/@mina-components/privacy-popup/index","CheckinRecordsDialog":"/components/event/CheckinRecordsDialog/CheckinRecordsDialog","Layout":"/components/Layout/Layout","van-popup":"../../../miniprogram_npm/@vant/weapp/popup/index","van-circle":"../../../miniprogram_npm/@vant/weapp/circle/index","DatePicker":"/components/DatePicker/DateTimePicker","OfficialAccountBar":"/components/OfficialAccountBar/OfficialAccountBar","Loading":"/components/Loading/Loading","UserAvatar":"/components/UserAvatar/UserAvatar","JustifyParagraph":"/components/JustifyParagraph/JustifyParagraph"}}