{
    "usingComponents": {
        "van-tab": "/components/vant/tab/index",
        "van-tabs": "/components/vant/tabs/index",
        "van-empty": "/components/vant/empty/index",
        "van-notice-bar": "/components/vant/notice-bar/index",
        "van-loading": "/components/vant/loading/index",
        "van-button": "/components/vant/button/index",
        "van-icon": "/components/vant/icon/index",
        "van-popup": "/components/vant/popup/index"
    },
    "backgroundColor": "#f6f7f8",
    "navigationBarBackgroundColor": "#fff"
}