{
    "enablePullDownRefresh": true,
    "backgroundColorTop": "#213EE4",
    "usingComponents": {
        "van-notify": "/wxcomponents/vant/dist/notify/index",
        "van-tab": "/wxcomponents/vant/dist/tab/index",
        "van-tabs": "/wxcomponents/vant/dist/tabs/index",
        "activity-list": "/pages/activity/components/ActivityList",
        "campus-activity-list": "/pages/activity/components/CampusActivityList",
        "userinfo-repair": "/utils/common-components/userinfo-repair/index",
        "protocol": "/pages/activity/components/Protocol",
        "uni-nav-bar": "/uni_modules/uni-nav-bar/components/uni-nav-bar/uni-nav-bar",
        "van-button": "/wxcomponents/vant/dist/button/index",
        "van-tag": "/wxcomponents/vant/dist/tag/index",
        "van-row": "/wxcomponents/vant/dist/row/index",
        "van-col": "/wxcomponents/vant/dist/col/index",
        "van-sticky": "/wxcomponents/vant/dist/sticky/index",
        "van-dialog": "/wxcomponents/vant/dist/dialog/index"
    }
}