{"usingComponents":{"navigation-bar":"../../../miniprogram_npm/@mina-components/navigation-bar/index","ClickButton":"/components/ClickButton/ClickButton","activity-views":"../../../miniprogram_npm/@mina-components/activity-views/index","Ernie":"../components/Ernie/Ernie","Wheel":"../components/Wheel/Wheel","joinButton":"../components/joinButton/joinButton","RoundList":"../components/RoundList/RoundList","ColourRibbon":"../components/ColourRibbon/ColourRibbon","privacy-popup":"../../../miniprogram_npm/@mina-components/privacy-popup/index"},"enablePullDownRefresh":true}