{"component":true,"usingComponents":{"paragraph":"./components/block/Paragraph","blockquote":"./components/block/Blockquote","heading":"./components/block/Heading","space":"./components/block/Space","code":"./components/block/Code","list":"./components/block/List","text":"./components/inline/Text","link":"./components/inline/Link","italic":"./components/inline/Italic","strong":"./components/inline/Strong","image":"./components/inline/Image","render-item":"/components/canvas/markdown/RenderItem"}}