{"miniprogramRoot":"","__compileDebugInfo__":{"from":"devtools","useNewCompileModule":true,"devtoolsVersion":"1.06.2401020","compileSetting":{"bundle":true,"urlCheck":true,"coverView":true,"es6":true,"postcss":true,"lazyloadPlaceholderEnable":false,"skylineRenderEnable":false,"compileWorklet":false,"preloadBackgroundData":false,"minified":true,"autoAudits":false,"uglifyFileName":true,"uploadWithSourceMap":true,"scriptsEnable":false,"enhance":true,"useMultiFrameRuntime":true,"useApiHook":true,"useApiHostProcess":true,"showShadowRootInWxmlPanel":true,"packNpmManually":false,"packNpmRelationList":[],"minifyWXSS":true,"minifyWXML":true,"useStaticServer":false,"useLanDebug":false,"showES6CompileOption":false,"localPlugins":false,"condition":false,"compileHotReLoad":true,"bigPackageSizeSupport":false,"babelSetting":{"ignore":[],"disablePlugins":[],"outputPath":""},"checkInvalidKey":true,"useIsolateContext":true,"disableUseStrict":false,"useCompilerPlugins":false,"ignoreDevUnusedFiles":true},"ciVersion":"1.0.287"}}