{"navigationStyle":"custom","disableScroll":true,"usingComponents":{"page":"../../components/base/Page","home-header":"../../components/home/HomeHeader","home-intro":"../../components/home/HomeIntro","note-item":"../../components/note/NoteItem/index","record":"../../components/record/Index","note-img":"../../components/noteImg/Index","note-link":"../../components/noteLink/Index","a-i-note-generator":"../../components/note/AINoteGenerator/index","login":"../../components/popup/common/Login","invite-progress":"../../components/inviteProgress/index","invite-push":"../../components/inviteProgress/push","web-push":"../../components/inviteProgress/WebPush","add-to-desktop":"../../components/popup/common/AddToDesktop","web-intro-popup":"../../components/popup/common/WebIntroPopup","choose-user-info":"../../components/popup/common/ChooseUserInfo","note-share-painter":"../../components/canvas/NoteSharePainter","invite-share-painter":"../../components/canvas/InviteSharePainter","wd-loading":"../../uni_modules/wot-design-uni/components/wd-loading/wd-loading","render-item":"/components/canvas/markdown/RenderItem"}}