{"subPackages":[{"root":"subpackages/exchange/"},{"root":"pages/manage/"},{"root":"pages/topic/"},{"root":"subpackages/flash_reading/"},{"root":"pages/subscribe/"},{"root":"pages/pro/"},{"root":"pages/tools/nishiliu/"},{"root":"pages/recruit/"},{"root":"pages/listing_documents/"},{"root":"pages/report/"},{"root":"pages/user/"}],"entryPagePath":"pages/index.html","pages":["pages/index","pages/share_image","pages/share_official","pages/detail","pages/webview","pages/daily","pages/news/detail","pages/search/search","pages/setting/theme","pages/profile","pages/cfg","pages/sponsor/detail","pages/tools/pdf/reader","pages/proxy/proxy","subpackages/exchange/duku/duku","subpackages/exchange/readhub_year/readhub_year","pages/manage/stoke_edit","pages/manage/feedback","pages/topic/events","subpackages/flash_reading/flash_reading","pages/subscribe/topic_event_remind","pages/pro/join","pages/pro/subscription","pages/pro/subscription_manage","pages/pro/entity_topics","pages/pro/renewal_agreement","pages/pro/payment_agreement","pages/pro/renewal_description","pages/pro/renewal_qa","pages/pro/renewal_manage","pages/pro/tag_topics","pages/pro/year_card","pages/pro/entity_finances","pages/tools/nishiliu/index","pages/tools/nishiliu/custom","pages/tools/nishiliu/reward_users","pages/recruit/index","pages/recruit/detail","pages/listing_documents/file","pages/listing_documents/recommend_edit","pages/report/index","pages/report/list","pages/report/search","pages/user/balance","pages/user/records"],"page":{"pages/index.html":{"window":{}},"pages/share_image.html":{"window":{}},"pages/share_official.html":{"window":{"enablePullDownRefresh":true}},"pages/detail.html":{"window":{}},"pages/webview.html":{"window":{}},"pages/daily.html":{"window":{"enablePullDownRefresh":true}},"pages/news/detail.html":{"window":{"navigationBarTitleText":"资讯详情"}},"pages/search/search.html":{"window":{"disableScroll":true}},"pages/setting/theme.html":{"window":{}},"pages/profile.html":{"window":{}},"pages/cfg.html":{"window":{}},"pages/sponsor/detail.html":{"window":{}},"pages/tools/pdf/reader.html":{"window":{}},"pages/proxy/proxy.html":{"window":{}},"subpackages/exchange/duku/duku.html":{"window":{}},"subpackages/exchange/readhub_year/readhub_year.html":{"window":{}},"pages/manage/stoke_edit.html":{"window":{}},"pages/manage/feedback.html":{"window":{"onReachBottomDistance":400}},"pages/topic/events.html":{"window":{}},"subpackages/flash_reading/flash_reading.html":{"window":{"disableScroll":true}},"pages/subscribe/topic_event_remind.html":{"window":{}},"pages/pro/join.html":{"window":{}},"pages/pro/subscription.html":{"window":{}},"pages/pro/subscription_manage.html":{"window":{}},"pages/pro/entity_topics.html":{"window":{}},"pages/pro/renewal_agreement.html":{"window":{}},"pages/pro/payment_agreement.html":{"window":{}},"pages/pro/renewal_description.html":{"window":{}},"pages/pro/renewal_qa.html":{"window":{}},"pages/pro/renewal_manage.html":{"window":{"enablePullDownRefresh":true}},"pages/pro/tag_topics.html":{"window":{}},"pages/pro/year_card.html":{"window":{"enablePullDownRefresh":true}},"pages/pro/entity_finances.html":{"window":{}},"pages/tools/nishiliu/index.html":{"window":{"navigationBarTitleText":"泥石流海报"}},"pages/tools/nishiliu/custom.html":{"window":{"navigationBarTitleText":"泥石流海报"}},"pages/tools/nishiliu/reward_users.html":{"window":{}},"pages/recruit/index.html":{"window":{}},"pages/recruit/detail.html":{"window":{"disableScroll":true}},"pages/listing_documents/file.html":{"window":{}},"pages/listing_documents/recommend_edit.html":{"window":{}},"pages/report/index.html":{"window":{}},"pages/report/list.html":{"window":{"enablePullDownRefresh":true}},"pages/report/search.html":{"window":{}},"pages/user/balance.html":{"window":{}},"pages/user/records.html":{"window":{"onReachBottomDistance":400}}},"global":{"window":{"navigationStyle":"custom"}},"requiredBackgroundModes":["audio"],"darkmode":true,"renderer":{"allUsed":["webview"],"default":"webview"},"__usePrivacyCheck__":true}