{
    "usingComponents": {
        "join-dialog": "../../components/join-dialog/join-dialog",
        "confirm-dialog": "../../components/confirm-dialog/confirm-dialog",
        "edit-password": "../../components/edit-password/edit-password",
        "action-sheet": "../../components/action-sheet/action-sheet",
        "guide-share": "../../components/guide-share/guide-share",
        "recur-menu": "../../components/recur-menu/recur-menu"
    },
    "navigationStyle": "custom",
    "navigationBarTextStyle": "black"
}