{
    "component": true,
    "usingComponents": {
        "mine-u-waterfall-left": "/pages/team/mine-u-waterfall-left",
        "mine-u-waterfall-right": "/pages/team/mine-u-waterfall-right",
        "u-tabs": "/node-modules/uview-ui/components/u-tabs/u-tabs",
        "u-waterfall": "/node-modules/uview-ui/components/u-waterfall/u-waterfall",
        "u-loadmore": "/node-modules/uview-ui/components/u-loadmore/u-loadmore",
        "u-modal": "/node-modules/uview-ui/components/u-modal/u-modal",
        "like-item": "/components/article/like-item",
        "lays-page": "/components/lays-page",
        "lays-page-main": "/components/lays-page-main"
    }
}