{
    "navigationBarTitleText": "发布",
    "enablePullDownRefresh": false,
    "usingComponents": {
        "u-upload": "/node-modules/uview-ui/components/u-upload/u-upload",
        "u-input": "/node-modules/uview-ui/components/u-input/u-input",
        "u-icon": "/node-modules/uview-ui/components/u-icon/u-icon",
        "u-checkbox": "/node-modules/uview-ui/components/u-checkbox/u-checkbox",
        "u-modal": "/node-modules/uview-ui/components/u-modal/u-modal",
        "lays-page": "/components/lays-page",
        "lays-page-main": "/components/lays-page-main"
    }
}