{
    "component": true,
    "usingComponents": {
        "search-u-waterfall-left": "/pages/team/search-u-waterfall-left",
        "search-u-waterfall-right": "/pages/team/search-u-waterfall-right",
        "u-search": "/node-modules/uview-ui/components/u-search/u-search",
        "u-waterfall": "/node-modules/uview-ui/components/u-waterfall/u-waterfall",
        "u-loadmore": "/node-modules/uview-ui/components/u-loadmore/u-loadmore",
        "like-item": "/components/article/like-item",
        "lays-page": "/components/lays-page",
        "lays-page-main": "/components/lays-page-main"
    }
}