{
    "navigationBarTitleText": "社团",
    "usingComponents": {
        "team-u-waterfall-left": "/pages/team/team-u-waterfall-left",
        "team-u-waterfall-right": "/pages/team/team-u-waterfall-right",
        "u-tabs": "/node-modules/uview-ui/components/u-tabs/u-tabs",
        "u-swiper": "/node-modules/uview-ui/components/u-swiper/u-swiper",
        "u-waterfall": "/node-modules/uview-ui/components/u-waterfall/u-waterfall",
        "u-loadmore": "/node-modules/uview-ui/components/u-loadmore/u-loadmore",
        "tabbar": "/components/tabbar",
        "like-item": "/components/article/like-item",
        "lays-page": "/components/lays-page",
        "lays-page-main": "/components/lays-page-main"
    }
}