{"usingComponents":{"OfficialAccountBar":"/components/OfficialAccountBar/OfficialAccountBar","FIFA":"/components/FIFA/FIFA","ActionSheet":"/components/ActionSheet/ActionSheet","ReserveNotFound":"/components/ReserveNotFound/ReserveNotFound","Layout":"/components/Layout/Layout","van-popup":"../../miniprogram_npm/@vant/weapp/popup/index","van-circle":"../../miniprogram_npm/@vant/weapp/circle/index","DatePicker":"/components/DatePicker/DateTimePicker","Loading":"/components/Loading/Loading","UserAvatar":"/components/UserAvatar/UserAvatar","JustifyParagraph":"/components/JustifyParagraph/JustifyParagraph"}}