{"usingComponents":{"img":"../../components/img/img","van-button":"../../miniprogram_npm/@vant/weapp/button/index","van-grid":"../../miniprogram_npm/@vant/weapp/grid/index","van-grid-item":"../../miniprogram_npm/@vant/weapp/grid-item/index","van-icon":"../../miniprogram_npm/@vant/weapp/icon/index","van-cell":"../../miniprogram_npm/@vant/weapp/cell/index","van-cell-group":"../../miniprogram_npm/@vant/weapp/cell-group/index","follow-prompt":"../../components/followPrompt/index","privacy-popup":"../../components/privacyPopup/index","van-tag":"../../miniprogram_npm/@vant/weapp/tag/index"}}