{"navigationBarTitleText":"扫码枪(蓝牙BLE模式)","usingComponents":{"van-button":"../../miniprogram_npm/@vant/weapp/button/index","van-cell":"../../miniprogram_npm/@vant/weapp/cell/index","van-cell-group":"../../miniprogram_npm/@vant/weapp/cell-group/index","van-action-sheet":"../../miniprogram_npm/@vant/weapp/action-sheet/index","van-dialog":"../../miniprogram_npm/@vant/weapp/dialog/index","van-icon":"../../miniprogram_npm/@vant/weapp/icon/index","van-field":"../../miniprogram_npm/@vant/weapp/field/index"}}