{"navigationBarTitleText":" ","navigationBarBackgroundColor":"#F1F1F1","usingComponents":{"ws-person-menu-item":"/components/WSPersonMenuItem/index","the-login-out-popup":"/components/TheLoginOutPopup/index","the-set-authorization":"/components/TheSetAuthorization/index","the-multi-fn-popup":"/components/TheMultiFnPopup/index","the-area-notice-popup":"/components/TheAreaNoticePopup/index","privacy-popup":"/components/privacyPopup/index","ws-modal":"/components/ws-ui/modal/index","uni-loadmore":"/components/uni-ui/uni-load-more/uni-load-more","uni-popup":"/components/uni-ui/uni-popup/uni-popup","uni-segmented":"/components/uni-ui/uni-segmented-control/uni-segmented-control","t-captcha":"plugin://wx1fe8d9a3cb067a75/t-captcha"}}