{"usingComponents":{"DateTitle":"./components/DateTitle/DateTitle","DateChoose":"./components/DateChoose/DateChoose","RepeatConfig":"./components/RepeatConfig/RepeatConfig","RemindConfig":"./components/RemindConfig/RemindConfig","TagChoose":"./components/TagChoose/TagChoose","TargetChoose":"./components/TargetChoose/TargetChoose","DescConfig":"./components/DescConfig/DescConfig","ProgressTitle":"./components/ProgressTitle/ProgressTitle","CheckinTitle":"./components/CheckinTitle/CheckinTitle","CheckinSuggestion":"./components/CheckinSuggestion/CheckinSuggestion","ToggleConfig":"./components/ToggleConfig/ToggleConfig","AdvanceRemindTimeConfig":"./components/AdvanceRemindTimeConfig/AdvanceRemindTimeConfig","RepeatCountConfig":"./components/RepeatCountConfig/RepeatCountConfig","ProgressRemindConfig":"./components/ProgressRemindConfig/ProgressRemindConfig","RemindTimeConfig":"./components/RemindTimeConfig/RemindTimeConfig","InvokeMinaTaskConfig":"./components/InvokeMinaTaskConfig/InvokeMinaTaskConfig","TextTip":"/components/TextTip/TextTip","ShelfLifeStyleSwitch":"./components/ShelfLifeStyleSwitch/ShelfLifeStyleSwitch","PeriodConfig":"./components/PeriodConfig/PeriodConfig","ImagePicker":"./components/ImagePicker/ImagePicker","Layout":"/components/Layout/Layout","van-popup":"../../miniprogram_npm/@vant/weapp/popup/index","van-circle":"../../miniprogram_npm/@vant/weapp/circle/index","DatePicker":"/components/DatePicker/DateTimePicker","OfficialAccountBar":"/components/OfficialAccountBar/OfficialAccountBar","Loading":"/components/Loading/Loading","UserAvatar":"/components/UserAvatar/UserAvatar","JustifyParagraph":"/components/JustifyParagraph/JustifyParagraph"}}