{"usingComponents":{"DateTitle":"./components/DateTitle/DateTitle","DateChoose":"./components/DateChoose/DateChoose","RepeatConfig":"./components/RepeatConfig/RepeatConfig","RemindConfig":"./components/RemindConfig/RemindConfig","TagChoose":"./components/TagChoose/TagChoose","DescConfig":"./components/DescConfig/DescConfig","ProgressTitle":"./components/ProgressTitle/ProgressTitle","CheckinTitle":"./components/CheckinTitle/CheckinTitle","ToggleConfig":"./components/ToggleConfig/ToggleConfig","TargetChoose":"./components/TargetChoose/TargetChoose","AdvanceRemindTimeConfig":"./components/AdvanceRemindTimeConfig/AdvanceRemindTimeConfig","RepeatCountConfig":"./components/RepeatCountConfig/RepeatCountConfig","ProgressRemindConfig":"./components/ProgressRemindConfig/ProgressRemindConfig","InvokeMinaTaskConfig":"./components/InvokeMinaTaskConfig/InvokeMinaTaskConfig","ShelfLifeStyleSwitch":"./components/ShelfLifeStyleSwitch/ShelfLifeStyleSwitch","PeriodConfig":"./components/PeriodConfig/PeriodConfig","ImagePicker":"./components/ImagePicker/ImagePicker","Layout":"/components/Layout/Layout","van-popup":"../../miniprogram_npm/@vant/weapp/popup/index","van-circle":"../../miniprogram_npm/@vant/weapp/circle/index","DatePicker":"/components/DatePicker/DateTimePicker","OfficialAccountBar":"/components/OfficialAccountBar/OfficialAccountBar","Loading":"/components/Loading/Loading","UserAvatar":"/components/UserAvatar/UserAvatar","JustifyParagraph":"/components/JustifyParagraph/JustifyParagraph"}}