{"navigationBarBackgroundColor":"#ffffff","backgroundColor":"#ffffff","backgroundColorTop":"#ffffff","backgroundColorBottom":"#ffffff","onReachBottomDistance":400,"enablePullDownRefresh":true,"usingComponents":{"ProgressDetail":"/components/event/ProgressDetail/ProgressDetail","CheckinDetail":"/components/event/CheckinDetail/CheckinDetail","DateDetail":"/components/event/DateDetail/DateDetail","ActionSheet":"/components/ActionSheet/ActionSheet","InstallEvent":"/components/InstallEvent/InstallEvent","DateJinianDetail":"/components/event/DateJinianDetail/DateJinianDetail","DateBirthDetail":"/components/event/DateBirthDetail/DateBirthDetail","EmojiRain":"/components/EmojiRain/EmojiRain","privacy-popup":"../../miniprogram_npm/@mina-components/privacy-popup/index","EventGroup":"/components/EventGroup/EventGroup","Layout":"/components/Layout/Layout","van-popup":"../../miniprogram_npm/@vant/weapp/popup/index","van-circle":"../../miniprogram_npm/@vant/weapp/circle/index","DatePicker":"/components/DatePicker/DateTimePicker","OfficialAccountBar":"/components/OfficialAccountBar/OfficialAccountBar","Loading":"/components/Loading/Loading","UserAvatar":"/components/UserAvatar/UserAvatar","JustifyParagraph":"/components/JustifyParagraph/JustifyParagraph"}}