{"miniprogramRoot":"","__compileDebugInfo__":{"from":"devtools","useNewCompileModule":true,"devtoolsVersion":"1.06.2401020","compileSetting":{"bundle":true,"urlCheck":false,"coverView":true,"es6":true,"postcss":false,"lazyloadPlaceholderEnable":false,"skylineRenderEnable":false,"compileWorklet":false,"preloadBackgroundData":false,"minified":true,"autoAudits":false,"uglifyFileName":false,"uploadWithSourceMap":true,"scriptsEnable":false,"enhance":true,"useMultiFrameRuntime":true,"useApiHook":true,"useApiHostProcess":true,"showShadowRootInWxmlPanel":true,"packNpmManually":true,"packNpmRelationList":[{"packageJsonPath":"./package.json","miniprogramNpmDistDir":"./"}],"minifyWXSS":true,"minifyWXML":true,"useStaticServer":true,"useLanDebug":false,"showES6CompileOption":false,"localPlugins":false,"condition":false,"ignoreUploadUnusedFiles":true,"compileHotReLoad":true,"bigPackageSizeSupport":false,"babelSetting":{"ignore":[],"disablePlugins":[],"outputPath":""},"checkInvalidKey":true,"disableUseStrict":false,"useCompilerPlugins":false,"ignoreDevUnusedFiles":true},"ciVersion":"1.0.287"}}