{"component":true,"usingComponents":{"OfficialAccountBar":"/components/OfficialAccountBar/OfficialAccountBar","privacy-popup":"../../miniprogram_npm/@mina-components/privacy-popup/index","user-profile-views":"../../miniprogram_npm/@mina-components/user-profile-views/index","Layout":"/components/Layout/Layout","van-popup":"../../miniprogram_npm/@vant/weapp/popup/index","van-circle":"../../miniprogram_npm/@vant/weapp/circle/index","DatePicker":"/components/DatePicker/DateTimePicker","Loading":"/components/Loading/Loading","UserAvatar":"/components/UserAvatar/UserAvatar","JustifyParagraph":"/components/JustifyParagraph/JustifyParagraph"}}