{"subPackages":[{"root":"pages/user/"}],"entryPagePath":"pages/home/HomePage.html","pages":["pages/home/HomePage","pages/home/NoteEdit","pages/inviteDetails/index","pages/noteDetails/index","pages/webEditor/index","pages/user/UserPage","pages/user/Privacy","pages/user/Agreement","pages/user/VersionUpdateInfo"],"page":{"pages/home/HomePage.html":{"window":{"navigationStyle":"custom","disableScroll":true}},"pages/home/NoteEdit.html":{"window":{"navigationStyle":"custom","disableScroll":true}},"pages/inviteDetails/index.html":{"window":{"navigationStyle":"custom","disableScroll":true}},"pages/noteDetails/index.html":{"window":{"navigationStyle":"custom","disableScroll":true}},"pages/webEditor/index.html":{"window":{"navigationBarTitleText":"","navigationStyle":"custom","disableScroll":true}},"pages/user/UserPage.html":{"window":{"navigationStyle":"custom","disableScroll":true}},"pages/user/Privacy.html":{"window":{"navigationStyle":"custom","disableScroll":true}},"pages/user/Agreement.html":{"window":{"navigationStyle":"custom","disableScroll":true}},"pages/user/VersionUpdateInfo.html":{"window":{"navigationStyle":"custom","disableScroll":true}}},"global":{"window":{"navigationBarTextStyle":"black","navigationBarTitleText":"Get 笔记","navigationBarBackgroundColor":"#F8F8F8","backgroundColor":"#F8F8F8"}},"supportedMaterials":[{"materialType":"text/html","name":"用${nickname}打开","desc":"一键保存图片/链接，AI智能生成笔记","path":"pages/home/HomePage"},{"materialType":"image/*","name":"用${nickname}打开","desc":"一键保存图片/链接，AI智能生成笔记","path":"pages/home/HomePage"}],"renderer":{"allUsed":["webview"],"default":"webview"}}