{
    "usingComponents": {
        "actionsheet": "./actionsheet/actionsheet",
        "form-page": "./form-page/form-page",
        "navigation-bar": "./navigation-bar/navigation-bar",
        "form": "./form/form",
        "cell": "./cell/cell",
        "icon": "./icon/icon",
        "toptips": "./toptips/toptips",
        "loading": "./loading/loading",
        "tabbar": "./tabbar/tabbar",
        "cells": "./cells/cells",
        "half-screen-dialog": "./half-screen-dialog/half-screen-dialog",
        "slideview": "./slideview/slideview",
        "msg": "./msg/msg",
        "dialog": "./dialog/dialog",
        "uploader": "./uploader/uploader",
        "gallery": "./gallery/gallery",
        "grids": "./grids/grids",
        "checkbox": "./checkbox/checkbox",
        "badge": "./badge/badge",
        "searchbar": "./searchbar/searchbar",
        "checkbox-group": "./checkbox-group/checkbox-group"
    }
}