{"miniprogramRoot":"","__compileDebugInfo__":{"from":"devtools","useNewCompileModule":true,"devtoolsVersion":"1.06.2402040","compileSetting":{"bundle":true,"urlCheck":false,"coverView":false,"es6":true,"postcss":false,"lazyloadPlaceholderEnable":false,"skylineRenderEnable":false,"compileWorklet":false,"preloadBackgroundData":false,"minified":true,"autoAudits":false,"uglifyFileName":false,"uploadWithSourceMap":true,"scriptsEnable":false,"enhance":false,"useMultiFrameRuntime":true,"useApiHook":true,"useApiHostProcess":true,"showShadowRootInWxmlPanel":false,"packNpmManually":false,"packNpmRelationList":[],"minifyWXSS":true,"minifyWXML":true,"useStaticServer":false,"useLanDebug":false,"showES6CompileOption":false,"localPlugins":false,"checkInvalidKey":true,"compileHotReLoad":false,"disableUseStrict":false,"useCompilerPlugins":false,"ignoreDevUnusedFiles":true,"bigPackageSizeSupport":true,"condition":false,"babelSetting":{"ignore":[],"disablePlugins":[],"outputPath":""},"ignoreUploadUnusedFiles":false},"ciVersion":"1.0.340"}}