{"disableScroll":false,"navigationStyle":"default","navigationBarBackgroundColor":"#1d2124","navigationBarTextStyle":"white","backgroundColor":"#1d2124","navigationBarTitleText":"帮助 \x26 技巧","enablePullDownRefresh":true,"usingComponents":{"v2g-toast":"../../../../components/toast/toast","loading":"../../../../components/loading/loading","modal":"../../../../components/modal/modal","fav-tip":"../../../../components/fav-tip/fav-tip","no-ask-tip":"/components/no-ask-tip/no-ask-tip","coin-alert":"/components/coin-alert/coin-alert","group-add":"/components/group-add/group-add","ad-mix":"/components/ad-mix/ad-mix","coral-adv":"plugin://coral-adv/adv"}}