{"miniprogramRoot":"","__compileDebugInfo__":{"from":"devtools","useNewCompileModule":true,"devtoolsVersion":"1.06.2206020","compileSetting":{"bundle":true,"urlCheck":false,"coverView":true,"es6":true,"postcss":false,"lazyloadPlaceholderEnable":false,"skylineRenderEnable":false,"preloadBackgroundData":false,"minified":false,"autoAudits":false,"uglifyFileName":false,"uploadWithSourceMap":true,"scriptsEnable":false,"enhance":true,"useMultiFrameRuntime":true,"showShadowRootInWxmlPanel":true,"packNpmManually":false,"packNpmRelationList":[],"minifyWXSS":true,"useStaticServer":true,"showES6CompileOption":false,"bigPackageSizeSupport":true,"checkInvalidKey":true,"compileHotReLoad":true,"babelSetting":{"ignore":[],"disablePlugins":[],"outputPath":""},"disableUseStrict":false,"useCompilerPlugins":false,"minifyWXML":true},"ciVersion":"1.8.18"}}