{
    "navigationBarTitleText": "我的优惠券",
    "enablePullDownRefresh": false,
    "usingComponents": {
        "u-tabs": "/node-modules/uview-ui/components/u-tabs/u-tabs",
        "u-icon": "/node-modules/uview-ui/components/u-icon/u-icon",
        "u-loadmore": "/node-modules/uview-ui/components/u-loadmore/u-loadmore",
        "u-popup": "/node-modules/uview-ui/components/u-popup/u-popup",
        "lays-page": "/components/lays-page",
        "lays-page-main": "/components/lays-page-main"
    }
}