{
    "component": true,
    "usingComponents": {
        "van-popup": "../popup/index",
        "options": "./options",
        "privacy": "/components/privacy/privacy",
        "van-action-sheet": "/./miniprogram_npm/@vant/weapp/action-sheet/index",
        "van-button": "/./miniprogram_npm/@vant/weapp/button/index",
        "van-cell": "/./miniprogram_npm/@vant/weapp/cell/index",
        "van-checkbox": "/./miniprogram_npm/@vant/weapp/checkbox/index",
        "van-checkbox-group": "/./miniprogram_npm/@vant/weapp/checkbox-group/index",
        "van-datetime-picker": "/./miniprogram_npm/@vant/weapp/datetime-picker/index",
        "van-dialog": "/./miniprogram_npm/@vant/weapp/dialog/index",
        "van-divider": "/./miniprogram_npm/@vant/weapp/divider/index",
        "van-dropdown-item": "/./miniprogram_npm/@vant/weapp/dropdown-item/index",
        "van-dropdown-menu": "/./miniprogram_npm/@vant/weapp/dropdown-menu/index",
        "van-empty": "/./miniprogram_npm/@vant/weapp/empty/index",
        "van-field": "/./miniprogram_npm/@vant/weapp/field/index",
        "van-icon": "/./miniprogram_npm/@vant/weapp/icon/index",
        "van-image": "/./miniprogram_npm/@vant/weapp/image/index",
        "van-loading": "/./miniprogram_npm/@vant/weapp/loading/index",
        "van-overlay": "/./miniprogram_npm/@vant/weapp/overlay/index",
        "van-radio": "/./miniprogram_npm/@vant/weapp/radio/index",
        "van-radio-group": "/./miniprogram_npm/@vant/weapp/radio-group/index",
        "van-search": "/./miniprogram_npm/@vant/weapp/search/index",
        "van-share-sheet": "/./miniprogram_npm/@vant/weapp/share-sheet/index",
        "van-sticky": "/./miniprogram_npm/@vant/weapp/sticky/index",
        "van-switch": "/./miniprogram_npm/@vant/weapp/switch/index",
        "van-tab": "/./miniprogram_npm/@vant/weapp/tab/index",
        "van-tabs": "/./miniprogram_npm/@vant/weapp/tabs/index",
        "van-tag": "/./miniprogram_npm/@vant/weapp/tag/index"
    }
}