{
    "usingComponents": {
        "calendar": "../../components/calendar/calendar",
        "event": "../../components/event/event",
        "event-list-mode": "../../components/event-list-mode/event-list-mode",
        "allday": "../../components/allday/allday",
        "join-dialog": "../../components/join-dialog/join-dialog",
        "calendar-drawer": "../../components/calendar_drawer/calendar_drawer",
        "get-phone-dialog": "../../components/get-phone-dialog/get-phone-dialog",
        "sync_wemeet_dialog": "../../components/sync_wemeet_dialog/sync_wemeet_dialog",
        "mp-navigation-bar": "/miniprogram_npm/weui-miniprogram/navigation-bar/navigation-bar",
        "guide-tips": "../../components/guide-tips/guide-tips",
        "share-dialog": "../../components/share-dialog/share-dialog",
        "account-tips": "../../components/account-tips/index",
        "wxml-to-canvas": "../../miniprogram_npm/wxml-to-canvas/index"
    },
    "navigationStyle": "custom",
    "disableScroll": true
}