{
    "navigationBarTitleText": "心动大使中心",
    "navigationStyle": "custom",
    "enablePullDownRefresh": false,
    "usingComponents": {
        "u-icon": "/node-modules/uview-ui/components/u-icon/u-icon",
        "u-line-progress": "/node-modules/uview-ui/components/u-line-progress/u-line-progress",
        "u-popup": "/node-modules/uview-ui/components/u-popup/u-popup",
        "u-search": "/node-modules/uview-ui/components/u-search/u-search",
        "u-empty": "/node-modules/uview-ui/components/u-empty/u-empty",
        "u-mask": "/node-modules/uview-ui/components/u-mask/u-mask",
        "purchase-poster": "/components/poster/purchase",
        "lays-page": "/components/lays-page",
        "lays-page-main": "/components/lays-page-main"
    }
}