{"navigationBarBackgroundColor":"#ffffff","backgroundColor":"#ffffff","backgroundColorTop":"#ffffff","backgroundColorBottom":"#ffffff","onReachBottomDistance":400,"usingComponents":{"Layout":"/components/Layout/Layout","van-popup":"../../miniprogram_npm/@vant/weapp/popup/index","van-circle":"../../miniprogram_npm/@vant/weapp/circle/index","DatePicker":"/components/DatePicker/DateTimePicker","OfficialAccountBar":"/components/OfficialAccountBar/OfficialAccountBar","Loading":"/components/Loading/Loading","UserAvatar":"/components/UserAvatar/UserAvatar","JustifyParagraph":"/components/JustifyParagraph/JustifyParagraph"}}