{"miniprogramRoot":"","__compileDebugInfo__":{"from":"devtools","useNewCompileModule":true,"devtoolsVersion":"1.06.2306020","compileSetting":{"urlCheck":false,"coverView":false,"condition":false,"es6":true,"postcss":false,"compileHotReLoad":true,"lazyloadPlaceholderEnable":false,"skylineRenderEnable":false,"preloadBackgroundData":false,"minified":true,"autoAudits":false,"uglifyFileName":false,"uploadWithSourceMap":true,"useIsolateContext":true,"scriptsEnable":false,"enhance":false,"useMultiFrameRuntime":true,"useApiHook":true,"useApiHostProcess":true,"showShadowRootInWxmlPanel":false,"packNpmManually":false,"packNpmRelationList":[],"minifyWXSS":true,"disableUseStrict":false,"ignoreUploadUnusedFiles":true,"localPlugins":false,"bigPackageSizeSupport":true,"babelSetting":{"ignore":[],"disablePlugins":[],"outputPath":""},"checkInvalidKey":true,"useStaticServer":false,"useLanDebug":false,"minifyWXML":true,"showES6CompileOption":false,"useCompilerPlugins":false,"ignoreDevUnusedFiles":true},"ciVersion":"1.0.124"}}