{"component":true,"usingComponents":{"t-popup":"../popup/popup","t-button":"../button/button","t-icon":"../icon/icon","t-cell":"/./miniprogram_npm/tdesign-miniprogram/cell/cell","t-dialog":"/./miniprogram_npm/tdesign-miniprogram/dialog/dialog","t-divider":"/./miniprogram_npm/tdesign-miniprogram/divider/divider","t-input":"/./miniprogram_npm/tdesign-miniprogram/input/input","t-radio":"/./miniprogram_npm/tdesign-miniprogram/radio/radio","t-radio-group":"/./miniprogram_npm/tdesign-miniprogram/radio-group/radio-group"}}