{"disableScroll":true,"enablePullDownRefresh":false,"navigationStyle":"custom","usingComponents":{"custom-wrapper":"../../custom-wrapper","comp":"../../comp","van-button":"../../components/vant/button/index","van-toast":"../../components/vant/toast/index","van-dialog":"../../components/vant/dialog/index","van-icon":"../../components/vant/icon/index","van-row":"../../components/vant/row/index","van-col":"../../components/vant/col/index","van-image":"../../components/vant/image/index","van-tag":"../../components/vant/tag/index","van-tabs":"../../components/vant/tabs/index","van-tab":"../../components/vant/tab/index","van-cascader":"../../components/vant/cascader/index","van-cell-group":"../../components/vant/cell-group/index","van-cell":"../../components/vant/cell/index","van-swipe-cell":"../../components/vant/swipe-cell/index","van-tree-select":"../../components/vant/tree-select/index","van-sticky":"../../components/vant/sticky/index","van-popup":"../../components/vant/popup/index","van-overlay":"../../components/vant/overlay/index","van-transition":"../../components/vant/transition/index","van-card":"../../components/vant/card/index","van-dropdown-menu":"../../components/vant/dropdown-menu/index","van-dropdown-item":"../../components/vant/dropdown-item/index","van-checkbox-group":"../../components/vant/checkbox-group/index","van-checkbox":"../../components/vant/checkbox/index","van-radio-group":"../../components/vant/radio-group/index","van-radio":"../../components/vant/radio/index","van-loading":"../../components/vant/loading/index","van-action-sheet":"../../components/vant/action-sheet/index","van-datetime-picker":"../../components/vant/datetime-picker/index","van-picker":"../../components/vant/picker/index","picker-column":"../../components/vant/picker-column/index","vant-picker-column":"../../components/vant/picker-column/index","header":"../../components/vant/calendar/components/header/index","month":"../../components/vant/calendar/components/month/index","van-collapse":"../../components/vant/collapse/index","van-collapse-item":"../../components/vant/collapse-item/index"}}