{
    "usingComponents": {
        "van-button": "/components/vant/button/index",
        "van-popup": "/components/vant/popup/index",
        "van-cell": "/components/vant/cell/index",
        "van-tag": "/components/vant/tag/index",
        "van-action-sheet": "/components/vant/action-sheet/index",
        "van-icon": "/components/vant/icon/index",
        "van-divider": "/components/vant/divider/index",
        "van-loading": "/components/vant/loading/index",
        "van-checkbox": "/components/vant/checkbox/index",
        "van-notice-bar": "/components/vant/notice-bar/index",
        "van-transition": "/components/vant/transition/index",
        "my-privacy": "/components/privacy/privacy",
        "van-sticky": "/components/vant/sticky/index"
    },
    "navigationBarTitleText": "",
    "enablePullDownRefresh": true,
    "navigationBarBackgroundColor": "#ededed"
}