{
    "usingComponents": {
        "zhuanpan": "./components/zhuanpan/zhuanpan",
        "result": "./components/result/result",
        "more": "./components/more/more",
        "share": "./components/share/share",
        "jindu": "./components/jindu/jindu",
        "van-button": "/components/vant/button/index",
        "van-icon": "/components/vant/icon/index",
        "van-popup": "/components/vant/popup/index"
    },
    "backgroundColor": "#f6f7f8",
    "navigationBarBackgroundColor": "#fff"
}