{"usingComponents":{"zhuanpan":"/components/zhuanpan/zhuanpan/zhuanpan","result":"/components/zhuanpan/result/result","more":"/components/zhuanpan/more/more","share":"/components/zhuanpan/share/share","tip-card":"/components/common/tip-card/tip-card","summarize-bar":"/components/zhuanpan/summarize_bar/summarize_bar","share-settings":"./components/share-settings/share-settings","van-button":"/components/vant/button/index","van-icon":"/components/vant/icon/index","van-popup":"/components/vant/popup/index"},"navigationBarBackgroundColor":"#fff","navigationBarTextStyle":"black"}