{"component":true,"usingComponents":{"t-button":"../../../../miniprogram_npm/tdesign-miniprogram/button/button","t-cell":"../../../../miniprogram_npm/tdesign-miniprogram/cell/cell","t-divider":"../../../../miniprogram_npm/tdesign-miniprogram/divider/divider","t-input":"../../../../miniprogram_npm/tdesign-miniprogram/input/input","t-icon":"../../../../miniprogram_npm/tdesign-miniprogram/icon/icon","t-popup":"../../../../miniprogram_npm/tdesign-miniprogram/popup/popup","t-radio":"../../../../miniprogram_npm/tdesign-miniprogram/radio/radio","t-radio-group":"../../../../miniprogram_npm/tdesign-miniprogram/radio-group/radio-group","t-dialog":"../../../../miniprogram_npm/tdesign-miniprogram/dialog/dialog"}}