{"navigationBarTitleText":"报价添加/管理","usingComponents":{"van-cell":"../../../miniprogram_npm/@vant/weapp/cell/index","van-cell-group":"../../../miniprogram_npm/@vant/weapp/cell-group/index","van-field":"../../../miniprogram_npm/@vant/weapp/field/index","van-tag":"../../../miniprogram_npm/@vant/weapp/tag/index","van-button":"../../../miniprogram_npm/@vant/weapp/button/index","van-tab":"../../../miniprogram_npm/@vant/weapp/tab/index","van-tabs":"../../../miniprogram_npm/@vant/weapp/tabs/index","privacy-popup":"../../../components/privacyPopup/index","check-bind-phone":"../../../components/checkBindPhone/index","van-switch":"../../../miniprogram_npm/@vant/weapp/switch/index","van-collapse":"../../../miniprogram_npm/@vant/weapp/collapse/index","van-collapse-item":"../../../miniprogram_npm/@vant/weapp/collapse-item/index","van-uploader":"../../../miniprogram_npm/@vant/weapp/uploader/index"}}