{"navigationBarTitleText":"机会","enablePullDownRefresh":true,"navigationBarBackgroundColor":"#fff","navigationStyle":"custom","usingComponents":{"custom-bar":"/components/custom-bar/custom-bar","top-ads":"/components/top-ads/top-ads","kong-mask":"/components/KongMask/KongMask","banner-swiper":"/components/banner-swiper/banner-swiper","u-modal":"/uni_modules/uview-ui/components/u-modal/u-modal","operation-popup":"/components/operation-popup/operation-popup","home-news":"/pages/tabBar/chance/modules/homeNews","today-market":"/pages/tabBar/chance/modules/homeTodayMarket","home-heat":"/pages/tabBar/chance/modules/homeHeat","focus-kan-pan":"/pages/tabBar/chance/modules/focus-kanpan","inspiration-box":"/pages/tabBar/chance/modules/inspiration-box","login-bar":"/components/loginBtns/loginBar","red-envelpoe-popup":"/components/redEnvelpoe-popup/redEnvelpoe-popup"}}