{"component":true,"usingComponents":{"JustifyParagraph":"/components/JustifyParagraph/JustifyParagraph","ActionSheet":"/components/ActionSheet/ActionSheet","Layout":"/components/Layout/Layout","van-popup":"../../miniprogram_npm/@vant/weapp/popup/index","van-circle":"../../miniprogram_npm/@vant/weapp/circle/index","DatePicker":"/components/DatePicker/DateTimePicker","OfficialAccountBar":"/components/OfficialAccountBar/OfficialAccountBar","Loading":"/components/Loading/Loading","UserAvatar":"/components/UserAvatar/UserAvatar","cell":"plugin://wx4d2deeab3aed6e5a/cell"}}