{"navigationStyle":"custom","usingComponents":{"van-config-provider":"../../miniprogram_npm/@vant/weapp/config-provider/index","van-nav-bar":"../../miniprogram_npm/@vant/weapp/nav-bar/index","van-button":"../../miniprogram_npm/@vant/weapp/button/index","van-notice-bar":"../../miniprogram_npm/@vant/weapp/notice-bar/index","van-icon":"../../miniprogram_npm/@vant/weapp/icon/index","van-tag":"../../miniprogram_npm/@vant/weapp/tag/index","van-share-sheet":"../../miniprogram_npm/@vant/weapp/share-sheet/index","van-tab":"../../miniprogram_npm/@vant/weapp/tab/index","van-tabs":"../../miniprogram_npm/@vant/weapp/tabs/index","van-cell":"../../miniprogram_npm/@vant/weapp/cell/index","van-cell-group":"../../miniprogram_npm/@vant/weapp/cell-group/index","van-popup":"../../miniprogram_npm/@vant/weapp/popup/index","van-dialog":"../../miniprogram_npm/@vant/weapp/dialog/index","van-radio":"../../miniprogram_npm/@vant/weapp/radio/index","van-radio-group":"../../miniprogram_npm/@vant/weapp/radio-group/index","van-loading":"../../miniprogram_npm/@vant/weapp/loading/index","van-field":"../../miniprogram_npm/@vant/weapp/field/index","pin-prompt":"../../components/pinPrompt/index","Preview":"../../components/preview/index","privacy-popup":"../../components/privacyPopup/index","check-bind-phone":"../../components/checkBindPhone/index","BluetoothPrinterList":"../../components/bluetoothPrinter/list","van-switch":"../../miniprogram_npm/@vant/weapp/switch/index"}}