{"miniprogramRoot":"","__compileDebugInfo__":{"from":"devtools","useNewCompileModule":true,"devtoolsVersion":"1.06.2310071","compileSetting":{"bundle":true,"urlCheck":false,"coverView":true,"es6":true,"postcss":true,"lazyloadPlaceholderEnable":false,"skylineRenderEnable":false,"compileWorklet":false,"preloadBackgroundData":false,"minified":true,"autoAudits":false,"uglifyFileName":false,"uploadWithSourceMap":true,"scriptsEnable":false,"enhance":true,"useMultiFrameRuntime":true,"useApiHook":true,"useApiHostProcess":true,"showShadowRootInWxmlPanel":true,"packNpmManually":true,"packNpmRelationList":[{"packageJsonPath":"./package.json","miniprogramNpmDistDir":"./"}],"minifyWXSS":true,"minifyWXML":true,"useStaticServer":false,"useLanDebug":false,"showES6CompileOption":false,"localPlugins":false,"condition":false,"compileHotReLoad":true,"bigPackageSizeSupport":false,"babelSetting":{"ignore":[],"disablePlugins":[],"outputPath":""},"checkInvalidKey":true,"useIsolateContext":true,"disableUseStrict":false,"useCompilerPlugins":false,"ignoreDevUnusedFiles":true,"ignoreUploadUnusedFiles":false},"ciVersion":"1.0.279"}}