{
    "usingComponents": {
        "page-live-player": "../wxlive-components/page-live-player/page-live-player",
        "page-live-replay": "../wxlive-components/page-live-replay/page-live-replay",
        "page-live-record": "../wxlive-components/page-live-record/page-live-record",
        "component-profile-card": "../wxlive-components/profile-card-player/profile-card-player",
        "component-person-operation": "../wxlive-components/person-operation/person-operation",
        "component-comments": "../wxlive-components/comments/comments",
        "component-store-list-player": "../wxlive-components/store-list-player/store-list-player",
        "component-profile-modal": "../wxlive-components/profile-modal/profile-modal",
        "component-barrage-list": "../wxlive-components/barrage-list/barrage-list",
        "component-goods-push": "../wxlive-components/goods-push/goods-push",
        "component-coupon-push": "../wxlive-components/coupon-push/coupon-push",
        "component-push-comment": "../wxlive-components/push-comment/push-comment",
        "component-end-block": "../wxlive-components/end-block/end-block",
        "component-subscribe-card": "../wxlive-components/subscribe-card/subscribe-card",
        "component-forbid-user-list": "../wxlive-components/forbid-user-list/forbid-user-list",
        "component-lottery-oper-player": "../wxlive-components/lottery-oper-player/lottery-oper-player",
        "component-lottery-player": "../wxlive-components/lottery-player/lottery-player",
        "component-comment-action-sheet": "../wxlive-components/comment-action-sheet/comment-action-sheet",
        "component-top-player": "../wxlive-components/top-player/top-player",
        "component-operate-paster": "../wxlive-components/operate-paster/operate-paster",
        "component-attention-guide": "../wxlive-components/attention-guide/attention-guide",
        "component-setting-more": "../wxlive-components/setting-more/setting-more",
        "component-nudge-list": "../wxlive-components/nudge-list/nudge-list",
        "component-share-panel": "../wxlive-components/share-panel/share-panel",
        "mp-icon": "../miniprogram_dist/icon/icon"
    },
    "navigationStyle": "custom",
    "backgroundColor": "#1d1f48",
    "disableScroll": true,
    "style": "v2",
    "navigationBarTextStyle": "white",
    "singlePage": {
        "navigationBarBackgroundColor": "#000000",
        "navigationBarBackgroundAlpha": 0,
        "navigationBarTextStyle": "white"
    }
}