{
    "navigationBarTitleText": "",
    "navigationStyle": "custom",
    "usingComponents": {
        "u-line": "/node-modules/uview-ui/components/u-line/u-line",
        "u-swiper": "/node-modules/uview-ui/components/u-swiper/u-swiper",
        "u-mask": "/node-modules/uview-ui/components/u-mask/u-mask",
        "u-toast": "/node-modules/uview-ui/components/u-toast/u-toast",
        "tabbar": "/components/tabbar",
        "invite-poster": "/components/poster/invite",
        "guide": "/components/guide/index",
        "lays-page": "/components/lays-page",
        "lays-page-main": "/components/lays-page-main"
    }
}