{"navigationBarTitleText":"转盘","enablePullDownRefresh":false,"usingComponents":{"fui-button":"/components/firstui/fui-button/fui-button","fui-bottom-popup":"/components/firstui/fui-bottom-popup/fui-bottom-popup","fui-list":"/components/firstui/fui-list/fui-list","fui-list-cell":"/components/firstui/fui-list-cell/fui-list-cell","fui-share-sheet":"/components/firstui/fui-share-sheet/fui-share-sheet","fui-poster":"/components/firstui/fui-poster/fui-poster","lucky-wheel":"/components/@lucky-canvas/uni/lucky-wheel"}}