{
    "component": true,
    "usingComponents": {
        "van-tab": "/wxcomponents/vant/dist/tab/index",
        "van-tabs": "/wxcomponents/vant/dist/tabs/index",
        "van-button": "/wxcomponents/vant/dist/button/index",
        "van-notify": "/wxcomponents/vant/dist/notify/index",
        "van-tag": "/wxcomponents/vant/dist/tag/index",
        "van-row": "/wxcomponents/vant/dist/row/index",
        "van-col": "/wxcomponents/vant/dist/col/index",
        "van-sticky": "/wxcomponents/vant/dist/sticky/index",
        "van-dialog": "/wxcomponents/vant/dist/dialog/index"
    }
}