{
    "navigationBarTitleText": "个人信息",
    "usingComponents": {
        "u-icon": "/node-modules/uview-ui/components/u-icon/u-icon",
        "u-modal": "/node-modules/uview-ui/components/u-modal/u-modal",
        "u-toast": "/node-modules/uview-ui/components/u-toast/u-toast",
        "u-popup": "/node-modules/uview-ui/components/u-popup/u-popup",
        "u-search": "/node-modules/uview-ui/components/u-search/u-search",
        "u-empty": "/node-modules/uview-ui/components/u-empty/u-empty",
        "lays-page": "/components/lays-page",
        "lays-page-main": "/components/lays-page-main"
    }
}