{"miniprogramRoot":"","__compileDebugInfo__":{"from":"devtools","useNewCompileModule":true,"devtoolsVersion":"1.06.2402040","compileSetting":{"urlCheck":false,"coverView":true,"es6":true,"postcss":true,"compileHotReLoad":true,"lazyloadPlaceholderEnable":false,"skylineRenderEnable":false,"preloadBackgroundData":false,"minified":true,"autoAudits":true,"uglifyFileName":true,"uploadWithSourceMap":true,"useIsolateContext":true,"scriptsEnable":false,"enhance":true,"useMultiFrameRuntime":true,"useApiHook":true,"useApiHostProcess":true,"showShadowRootInWxmlPanel":true,"packNpmManually":false,"packNpmRelationList":[],"minifyWXSS":true,"disableUseStrict":false,"ignoreUploadUnusedFiles":false,"localPlugins":false,"bigPackageSizeSupport":false,"babelSetting":{"ignore":[],"disablePlugins":[],"outputPath":""},"checkInvalidKey":true,"useStaticServer":false,"useLanDebug":false,"minifyWXML":true,"showES6CompileOption":false,"useCompilerPlugins":false,"ignoreDevUnusedFiles":true,"condition":false,"compileWorklet":false},"ciVersion":"1.0.340"}}