{"component":true,"usingComponents":{"RecordsDialog":"/components/event/RecordsDialog/RecordsDialog","TextTip":"/components/TextTip/TextTip","EventGroupSettingDialog":"/components/EventGroupSettingDialog/EventGroupSettingDialog","ActionSheet":"/components/ActionSheet/ActionSheet","UserDialog":"/components/UserDialog/UserDialog","GroupUsersDialog":"/components/GroupUsersDialog/UsersDialog","Layout":"/components/Layout/Layout","van-popup":"../../miniprogram_npm/@vant/weapp/popup/index","van-circle":"../../miniprogram_npm/@vant/weapp/circle/index","DatePicker":"/components/DatePicker/DateTimePicker","OfficialAccountBar":"/components/OfficialAccountBar/OfficialAccountBar","Loading":"/components/Loading/Loading","UserAvatar":"/components/UserAvatar/UserAvatar","JustifyParagraph":"/components/JustifyParagraph/JustifyParagraph"}}