{"component":true,"usingComponents":{"t-icon":"../icon/icon","t-popup":"../popup/popup","t-grid":"../grid/grid","t-grid-item":"../grid-item/grid-item","t-swiper-nav":"../swiper-nav/swiper-nav","t-button":"/./miniprogram_npm/tdesign-miniprogram/button/button","t-cell":"/./miniprogram_npm/tdesign-miniprogram/cell/cell","t-dialog":"/./miniprogram_npm/tdesign-miniprogram/dialog/dialog","t-divider":"/./miniprogram_npm/tdesign-miniprogram/divider/divider","t-input":"/./miniprogram_npm/tdesign-miniprogram/input/input","t-radio":"/./miniprogram_npm/tdesign-miniprogram/radio/radio","t-radio-group":"/./miniprogram_npm/tdesign-miniprogram/radio-group/radio-group"}}