{"navigationBarTitleText":"回款记录","disableScroll":true,"usingComponents":{"van-divider":"../../miniprogram_npm/@vant/weapp/divider/index","van-skeleton":"../../miniprogram_npm/@vant/weapp/skeleton/index","van-loading":"../../miniprogram_npm/@vant/weapp/loading/index","van-button":"../../miniprogram_npm/@vant/weapp/button/index","van-cell":"../../miniprogram_npm/@vant/weapp/cell/index","van-cell-group":"../../miniprogram_npm/@vant/weapp/cell-group/index","van-icon":"../../miniprogram_npm/@vant/weapp/icon/index","van-empty":"../../miniprogram_npm/@vant/weapp/empty/index"}}