{"navigationBarTitleText":"","usingComponents":{"van-cell":"../../miniprogram_npm/@vant/weapp/cell/index","van-cell-group":"../../miniprogram_npm/@vant/weapp/cell-group/index","van-radio-group":"../../miniprogram_npm/@vant/weapp/radio-group/index","van-radio":"../../miniprogram_npm/@vant/weapp/radio/index","van-field":"../../miniprogram_npm/@vant/weapp/field/index","van-tag":"../../miniprogram_npm/@vant/weapp/tag/index","van-button":"../../miniprogram_npm/@vant/weapp/button/index","van-popup":"../../miniprogram_npm/@vant/weapp/popup/index","van-checkbox":"../../miniprogram_npm/@vant/weapp/checkbox/index"}}