{"miniprogramRoot":"","__compileDebugInfo__":{"from":"devtools","useNewCompileModule":true,"devtoolsVersion":"1.05.2108130","compileSetting":{"urlCheck":false,"es6":true,"enhance":true,"postcss":true,"preloadBackgroundData":false,"minified":true,"newFeature":false,"coverView":true,"nodeModules":false,"autoAudits":false,"showShadowRootInWxmlPanel":true,"scopeDataCheck":false,"uglifyFileName":false,"checkInvalidKey":true,"checkSiteMap":true,"uploadWithSourceMap":true,"compileHotReLoad":false,"lazyloadPlaceholderEnable":false,"useMultiFrameRuntime":true,"useApiHook":true,"useApiHostProcess":true,"babelSetting":{"ignore":[],"disablePlugins":[],"outputPath":""},"scriptsEnable":false,"enableEngineNative":false,"useIsolateContext":true,"userConfirmedBundleSwitch":false,"packNpmManually":false,"packNpmRelationList":[],"minifyWXSS":true,"showES6CompileOption":false},"ciVersion":"1.4.11"}}