{"usingComponents":{"Loading":"/components/Loading/Loading","privacy-popup":"../miniprogram_npm/@mina-components/privacy-popup/index","PageError":"/components/PageError/PageError","Layout":"/components/Layout/Layout","van-popup":"../miniprogram_npm/@vant/weapp/popup/index","van-circle":"../miniprogram_npm/@vant/weapp/circle/index","DatePicker":"/components/DatePicker/DateTimePicker","OfficialAccountBar":"/components/OfficialAccountBar/OfficialAccountBar","UserAvatar":"/components/UserAvatar/UserAvatar","JustifyParagraph":"/components/JustifyParagraph/JustifyParagraph"}}