{"disableScroll":true,"usingComponents":{"EventSimpleCard":"/components/EventSimpleCard/index","InstallEvent":"/components/InstallEvent/InstallEvent","mp-slideview":"/miniprogram_npm/weui-miniprogram/slideview/slideview","ShareTagOwnerMenu":"/components/ShareTagOwnerMenu/ShareTagOwnerMenu","ShareTagSuberMenu":"/components/ShareTagSuberMenu/ShareTagSuberMenu","ShareTagDeny":"/components/ShareTagDeny/ShareTagDeny","ShareTagAuth":"/components/ShareTagAuth/ShareTagAuth","ActionSheet":"/components/ActionSheet/ActionSheet","TagShareManage":"/components/TagShareManage/TagShareManage","TagAuthManageDialog":"/components/TagAuthManageDialog/TagAuthManageDialog","TagNameChange":"/components/TagNameChange/TagNameChange","OfficialAccountBar":"/components/OfficialAccountBar/OfficialAccountBar","ShareTagOwnerSetting":"/components/ShareTagOwnerSetting/ShareTagOwnerSetting","CreateEventDialog":"/components/CreateEventDialog/CreateEventDialog","EventsCalendar":"/components/EventsCalendar/EventsCalendar","TextTip":"/components/TextTip/TextTip","EventsWeekCalendar":"/components/EventsWeekCalendar/EventsWeekCalendar","Layout":"/components/Layout/Layout","van-popup":"../miniprogram_npm/@vant/weapp/popup/index","van-circle":"../miniprogram_npm/@vant/weapp/circle/index","DatePicker":"/components/DatePicker/DateTimePicker","Loading":"/components/Loading/Loading","UserAvatar":"/components/UserAvatar/UserAvatar","JustifyParagraph":"/components/JustifyParagraph/JustifyParagraph"}}