{"miniprogramRoot":"","__compileDebugInfo__":{"from":"devtools","useNewCompileModule":true,"devtoolsVersion":"1.06.2301040","compileSetting":{"bundle":true,"urlCheck":true,"coverView":true,"es6":false,"postcss":false,"lazyloadPlaceholderEnable":false,"skylineRenderEnable":false,"preloadBackgroundData":false,"minified":false,"autoAudits":false,"uglifyFileName":false,"uploadWithSourceMap":true,"useIsolateContext":true,"scriptsEnable":false,"enhance":false,"useMultiFrameRuntime":true,"useApiHook":true,"useApiHostProcess":true,"showShadowRootInWxmlPanel":false,"packNpmManually":false,"packNpmRelationList":[],"minifyWXSS":true,"minifyWXML":true,"useStaticServer":false,"useLanDebug":false,"showES6CompileOption":false,"localPlugins":false,"compileHotReLoad":false,"bigPackageSizeSupport":false,"babelSetting":{"ignore":[],"disablePlugins":[],"outputPath":""},"checkInvalidKey":true,"disableUseStrict":false,"useCompilerPlugins":false,"ignoreDevUnusedFiles":true},"ciVersion":"1.8.45"}}