{"enablePullDownRefresh":true,"usingComponents":{"my-shareimg":"/commpents/shareImg/shareImg","my-sharebtnimg":"/commpents/shareBtn/shareImg","my-sharebtnfriend":"/commpents/shareBtn/shareFriend","my-sharebg":"/commpents/shareImg/sharebg","my-scan":"/commpents/wxscan/wxscan","my-loginbox":"/commpents/loginTips/loginBox","my-linkbox":"/commpents/linkbox/linkbox","privacy-popup":"/commpents/privacyPopup/privacyPopup","wxml-to-canvas":"../../miniprogram_npm/wxml-to-canvas/index","my-scan2":"/commpents/wxscan2/wxscan","my-helper":"/commpents/wxhelper/wxhelper"}}