{"navigationStyle":"custom","usingComponents":{"van-config-provider":"../../miniprogram_npm/@vant/weapp/config-provider/index","van-skeleton":"../../miniprogram_npm/@vant/weapp/skeleton/index","van-button":"../../miniprogram_npm/@vant/weapp/button/index","van-search":"../../miniprogram_npm/@vant/weapp/search/index","van-loading":"../../miniprogram_npm/@vant/weapp/loading/index","van-tab":"../../miniprogram_npm/@vant/weapp/tab/index","van-tabs":"../../miniprogram_npm/@vant/weapp/tabs/index","van-empty":"../../miniprogram_npm/@vant/weapp/empty/index","van-popup":"../../miniprogram_npm/@vant/weapp/popup/index","van-cell":"../../miniprogram_npm/@vant/weapp/cell/index","van-cell-group":"../../miniprogram_npm/@vant/weapp/cell-group/index","van-icon":"../../miniprogram_npm/@vant/weapp/icon/index","van-tag":"../../miniprogram_npm/@vant/weapp/tag/index","van-nav-bar":"../../miniprogram_npm/@vant/weapp/nav-bar/index","van-field":"../../miniprogram_npm/@vant/weapp/field/index","van-share-sheet":"../../miniprogram_npm/@vant/weapp/share-sheet/index","van-divider":"../../miniprogram_npm/@vant/weapp/divider/index","privacy-popup":"../../components/privacyPopup/index","Preview":"../../components/preview/index","van-image":"../../miniprogram_npm/@vant/weapp/image/index","van-notice-bar":"../../miniprogram_npm/@vant/weapp/notice-bar/index","van-stepper":"../../miniprogram_npm/@vant/weapp/stepper/index"}}