{"navigationBarTitleText":" ","enablePullDownRefresh":false,"disableScroll":true,"usingComponents":{"ws-file-draft":"/components/WSFileItems/WSFileDraft/index","ws-file-receive":"/components/WSFileItems/WSFileReceive/index","ws-file-send":"/components/WSFileItems/WSFileSend/index","ws-file-comp":"/components/WSFileItems/WSFileComp/index","ws-file-comp-list":"/components/WSFileItems/WSFileComp/index2","the-fileinfo-modal":"/components/TheFileInfoModal/index","the-fileoption-popup":"/components/TheFileOptionPopup/index","the-filerename-modal":"/components/TheFileRenameModal/index","the-draft-circle-handle-popup":"/components/TheDraftCircleHandlePopup/index","the-send-circle-handle-popup":"/components/TheSendCircleHandlePopup/index","the-receive-circle-handle-popup":"/components/TheReceiveCircleHandlePopup/index","the-complete-circle-handle-popup":"/components/TheCompleteCircleHandlePopup/index","the-sure-draft-file-send-popup":"/components/TheSureDraftFileSendPopup/index","the-share-and-download-popup":"/components/TheShareAndDownloadPopup/index","the-web-open-file-popup":"/components/TheWebOpenFilePopup/index","the-web-sign-detail-popup":"/components/TheWebSignDetailPopup/index","the-multi-fn-popup":"/components/TheMultiFnPopup/index","the-area-notice-popup":"/components/TheAreaNoticePopup/index","ws-modal":"/components/ws-ui/modal/index","uni-loadmore":"/components/uni-ui/uni-load-more/uni-load-more","uni-popup":"/components/uni-ui/uni-popup/uni-popup","uni-segmented":"/components/uni-ui/uni-segmented-control/uni-segmented-control","t-captcha":"plugin://wx1fe8d9a3cb067a75/t-captcha"}}