{"navigationBarTitleText":"自选","enablePullDownRefresh":true,"navigationBarBackgroundColor":"#fff","usingComponents":{"u-overlay":"/uni_modules/uview-ui/components/u-overlay/u-overlay","u-icon":"/uni_modules/uview-ui/components/u-icon/u-icon","u-modal":"/uni_modules/uview-ui/components/u-modal/u-modal","operation-popup":"/components/operation-popup/operation-popup","head-tabs":"/components/common/headTabs","sort-header-item":"/components/common/sortHeaderItem","recommend-module":"/components/common/recommendModule","line-chart":"/components/line-chart/lineChart","pop-login-btns":"/components/loginBtns/popLoginBtns","login-bar":"/components/loginBtns/loginBar","books-bar":"/components/booksBar/booksBar","big-event-list":"/pages/tabBar/optional/components/bigEventList","hint-bar":"/components/common/hintBar","red-envelpoe-popup":"/components/redEnvelpoe-popup/redEnvelpoe-popup"}}