{"entryPagePath":"pages/enter/index.html","pages":["pages/enter/index","pages/activity/index","pages/activity/modes","pages/activity/rules","pages/activity/rank","pages/private-info/personalInfo","pages/private-info/certificate","pages/questionnaire/exam","pages/way/index"],"page":{"pages/enter/index.html":{"window":{}},"pages/activity/index.html":{"window":{"enablePullDownRefresh":true,"backgroundColorTop":"#213EE4"}},"pages/activity/modes.html":{"window":{}},"pages/activity/rules.html":{"window":{}},"pages/activity/rank.html":{"window":{}},"pages/private-info/personalInfo.html":{"window":{}},"pages/private-info/certificate.html":{"window":{}},"pages/questionnaire/exam.html":{"window":{}},"pages/way/index.html":{"window":{}}},"permission":{},"global":{"window":{"disableScroll":false,"navigationStyle":"custom","pageOrientation":"portrait","navigationBarTitleText":"高教社小程序","navigationBarTextStyle":"white","backgroundColor":"#F8F8F8","backgroundColorTop":"#F4F5F6","backgroundColorBottom":"#F4F5F6","backgroundTextStyle":"dark"}},"networkTimeout":{"uploadFile":20000,"request":20000},"renderer":{"allUsed":["webview"],"default":"webview"}}