{"miniprogramRoot":"","__compileDebugInfo__":{"from":"devtools","useNewCompileModule":true,"devtoolsVersion":"1.06.2209190","compileSetting":{"bundle":true,"urlCheck":false,"coverView":false,"es6":true,"postcss":false,"lazyloadPlaceholderEnable":false,"skylineRenderEnable":false,"preloadBackgroundData":false,"minified":true,"autoAudits":false,"uglifyFileName":true,"uploadWithSourceMap":true,"useIsolateContext":true,"scriptsEnable":false,"enhance":false,"useMultiFrameRuntime":true,"useApiHook":true,"useApiHostProcess":true,"showShadowRootInWxmlPanel":false,"packNpmManually":false,"packNpmRelationList":[],"minifyWXSS":true,"minifyWXML":true,"useStaticServer":false,"useLanDebug":false,"showES6CompileOption":false,"localPlugins":false,"checkInvalidKey":true,"compileHotReLoad":true,"disableUseStrict":false,"useCompilerPlugins":false,"ignoreDevUnusedFiles":true,"bigPackageSizeSupport":true,"babelSetting":{"ignore":[],"disablePlugins":[],"outputPath":""}},"ciVersion":"1.8.45"}}