{"component":true,"usingComponents":{"t-icon":"../icon/icon","t-image":"../image/image","t-button":"/./miniprogram_npm/tdesign-miniprogram/button/button","t-cell":"/./miniprogram_npm/tdesign-miniprogram/cell/cell","t-dialog":"/./miniprogram_npm/tdesign-miniprogram/dialog/dialog","t-divider":"/./miniprogram_npm/tdesign-miniprogram/divider/divider","t-input":"/./miniprogram_npm/tdesign-miniprogram/input/input","t-popup":"/./miniprogram_npm/tdesign-miniprogram/popup/popup","t-radio":"/./miniprogram_npm/tdesign-miniprogram/radio/radio","t-radio-group":"/./miniprogram_npm/tdesign-miniprogram/radio-group/radio-group"}}