{
    "navigationBarTitleText": "我的附件",
    "enablePullDownRefresh": true,
    "usingComponents": {
        "ws-wx-privacy": "../../components/ws-wx-privacy/ws-wx-privacy",
        "uni-search-bar": "../../uni_modules/uni-search-bar/components/uni-search-bar/uni-search-bar",
        "uni-icons": "../../uni_modules/uni-icons/components/uni-icons/uni-icons",
        "uni-list-item": "../../uni_modules/uni-list/components/uni-list-item/uni-list-item",
        "uni-list": "../../uni_modules/uni-list/components/uni-list/uni-list",
        "uni-load-more": "../../uni_modules/uni-load-more/components/uni-load-more/uni-load-more",
        "uni-popup": "../../uni_modules/uni-popup/components/uni-popup/uni-popup"
    }
}