{"navigationStyle":"custom","usingComponents":{"navbar":"/components/navbar/navbar","t-steps":"../../../miniprogram_npm/tdesign-miniprogram/steps/steps","t-step-item":"../../../miniprogram_npm/tdesign-miniprogram/step-item/step-item","t-collapse":"../../../miniprogram_npm/tdesign-miniprogram/collapse/collapse","t-collapse-panel":"../../../miniprogram_npm/tdesign-miniprogram/collapse-panel/collapse-panel","t-divider":"../../../miniprogram_npm/tdesign-miniprogram/divider/divider","t-button":"../../../miniprogram_npm/tdesign-miniprogram/button/button","t-cell":"../../../miniprogram_npm/tdesign-miniprogram/cell/cell","t-input":"../../../miniprogram_npm/tdesign-miniprogram/input/input","t-icon":"../../../miniprogram_npm/tdesign-miniprogram/icon/icon","t-popup":"../../../miniprogram_npm/tdesign-miniprogram/popup/popup","t-radio":"../../../miniprogram_npm/tdesign-miniprogram/radio/radio","t-radio-group":"../../../miniprogram_npm/tdesign-miniprogram/radio-group/radio-group","t-dialog":"../../../miniprogram_npm/tdesign-miniprogram/dialog/dialog"}}