{"navigationStyle":"custom","usingComponents":{"van-skeleton":"../../miniprogram_npm/@vant/weapp/skeleton/index","van-search":"../../miniprogram_npm/@vant/weapp/search/index","van-dropdown-menu":"../../miniprogram_npm/@vant/weapp/dropdown-menu/index","van-dropdown-item":"../../miniprogram_npm/@vant/weapp/dropdown-item/index","van-datetime-picker":"../../miniprogram_npm/@vant/weapp/datetime-picker/index","van-tag":"../../miniprogram_npm/@vant/weapp/tag/index","van-loading":"../../miniprogram_npm/@vant/weapp/loading/index","van-button":"../../miniprogram_npm/@vant/weapp/button/index","van-cell":"../../miniprogram_npm/@vant/weapp/cell/index","van-cell-group":"../../miniprogram_npm/@vant/weapp/cell-group/index","van-empty":"../../miniprogram_npm/@vant/weapp/empty/index","payStatusPicker":"../../components/payStatusPicker/index","sendStatusPicker":"../../components/sendStatusPicker/index","van-tab":"../../miniprogram_npm/@vant/weapp/tab/index","van-tabs":"../../miniprogram_npm/@vant/weapp/tabs/index","van-divider":"../../miniprogram_npm/@vant/weapp/divider/index","van-icon":"../../miniprogram_npm/@vant/weapp/icon/index","van-checkbox":"../../miniprogram_npm/@vant/weapp/checkbox/index","van-checkbox-group":"../../miniprogram_npm/@vant/weapp/checkbox-group/index","van-nav-bar":"../../miniprogram_npm/@vant/weapp/nav-bar/index","van-field":"../../miniprogram_npm/@vant/weapp/field/index","van-dialog":"../../miniprogram_npm/@vant/weapp/dialog/index","van-popup":"../../miniprogram_npm/@vant/weapp/popup/index","privacy-popup":"../../components/privacyPopup/index","BluetoothPrinterList":"../../components/bluetoothPrinter/list"}}