{"enablePullDownRefresh":true,"usingComponents":{"my-sharebtnimg":"/commpents/shareBtn/shareImg","my-sharebtnfriend":"/commpents/shareBtn/shareFriend","my-scan":"/commpents/wxscan/wxscan","my-helper":"/commpents/wxhelper/wxhelper","my-loginbox":"/commpents/loginTips/loginBox","my-passwordbox":"/commpents/passwordBox/passwordBox","my-copywarp":"/commpents/copyWarp/copyWarp","new-tip":"/commpents/newTip/newTip","my-linkbox":"/commpents/linkbox/linkbox","privacy-popup":"/commpents/privacyPopup/privacyPopup","banner-ad":"/commpents/ad/banner"}}