{
    "navigationBarTitleText": "课程详情",
    "navigationStyle": "custom",
    "usingComponents": {
        "authorize": "/component/authorize/authorize",
        "commentCard": "/component/commentCard/commentCard",
        "navigationBar": "/component/navigationBar/navigationBar",
        "winGroup": "/component/winGroup/winGroup",
        "btnBuy": "/component/btnBuy/btnBuy",
        "cardGroupVO": "/component/cardGroupVO/cardGroupVO",
        "contactEntry": "/component/contactEntry/contactEntry",
        "popup-component": "/component/popup-component/popup-component",
        "custom-header": "/component/customHeader/customHeader",
        "cDetailCode": "/components/c-detail-code/c-detail-code",
        "cbtnBuyMember": "/components/c-btnBuyMember/c-btnBuyMember"
    }
}