{"miniprogramRoot":"","__compileDebugInfo__":{"from":"devtools","useNewCompileModule":true,"devtoolsVersion":"1.06.2310080","compileSetting":{"bundle":true,"urlCheck":true,"coverView":false,"es6":true,"postcss":false,"lazyloadPlaceholderEnable":false,"skylineRenderEnable":false,"compileWorklet":false,"preloadBackgroundData":false,"minified":false,"autoAudits":false,"uglifyFileName":false,"uploadWithSourceMap":true,"scriptsEnable":false,"enhance":true,"useMultiFrameRuntime":true,"useApiHook":true,"useApiHostProcess":true,"showShadowRootInWxmlPanel":false,"packNpmManually":false,"packNpmRelationList":[],"minifyWXSS":true,"minifyWXML":true,"useStaticServer":false,"useLanDebug":false,"showES6CompileOption":false,"localPlugins":false,"condition":false,"compileHotReLoad":true,"bigPackageSizeSupport":false,"babelSetting":{"ignore":[],"disablePlugins":[],"outputPath":""},"checkInvalidKey":true,"disableUseStrict":false,"useCompilerPlugins":false,"ignoreDevUnusedFiles":true},"ciVersion":"1.0.279"}}