{
    "usingComponents": {
        "van-popup": "/components/vant/popup/index",
        "van-button": "/components/vant/button/index",
        "van-cell": "/components/vant/cell/index",
        "van-action-sheet": "/components/vant/action-sheet/index",
        "van-icon": "/components/vant/icon/index",
        "van-divider": "/components/vant/divider/index",
        "van-search": "/components/vant/search/index",
        "van-overlay": "/components/vant/overlay/index",
        "van-circle": "/components/vant/circle/index",
        "van-dialog": "/components/vant/dialog/index",
        "van-transition": "/components/vant/transition/index",
        "van-notice-bar": "/components/vant/notice-bar/index",
        "my-privacy": "/components/privacy/privacy"
    },
    "navigationBarTitleText": "小正方助手",
    "enablePullDownRefresh": true
}