{
    "navigationBarTitleText": "环球网校",
    "navigationBarTextStyle": "white",
    "navigationBarBackgroundColor": "#E8413E",
    "usingComponents": {
        "c-bargain-card": "../../components/c-bargain-card/c-bargain-card",
        "c-banner": "../../components/c-banner/c-banner",
        "c-experience": "../../components/c-experience/c-experience",
        "c-mall-card": "../../components/c-mall-card/c-mall-card",
        "c-tab-bar": "../../components/c-tabBar/c-tabBar",
        "c-authorize": "../../components/c-authorize/c-authorize",
        "c-popup": "../../components/c-popup/c-popup",
        "c-icon": "../../components/c-icon/c-icon",
        "popup-component": "../../component/popup-component/popup-component"
    }
}