{"navigationBarTitleText":"编辑成员","usingComponents":{"van-cell":"../../miniprogram_npm/@vant/weapp/cell/index","van-cell-group":"../../miniprogram_npm/@vant/weapp/cell-group/index","van-field":"../../miniprogram_npm/@vant/weapp/field/index","van-tag":"../../miniprogram_npm/@vant/weapp/tag/index","van-button":"../../miniprogram_npm/@vant/weapp/button/index","van-checkbox":"../../miniprogram_npm/@vant/weapp/checkbox/index","van-checkbox-group":"../../miniprogram_npm/@vant/weapp/checkbox-group/index"}}