{"miniprogramRoot":"","__compileDebugInfo__":{"from":"devtools","useNewCompileModule":true,"devtoolsVersion":"1.06.2303060","compileSetting":{"bundle":true,"urlCheck":false,"coverView":true,"es6":true,"postcss":true,"lazyloadPlaceholderEnable":false,"skylineRenderEnable":false,"preloadBackgroundData":false,"minified":true,"autoAudits":true,"uglifyFileName":true,"uploadWithSourceMap":true,"useIsolateContext":true,"scriptsEnable":false,"enhance":true,"useMultiFrameRuntime":true,"useApiHook":true,"useApiHostProcess":true,"showShadowRootInWxmlPanel":true,"packNpmManually":false,"packNpmRelationList":[],"minifyWXSS":true,"minifyWXML":true,"useStaticServer":false,"useLanDebug":false,"showES6CompileOption":false,"localPlugins":false,"compileHotReLoad":true,"bigPackageSizeSupport":false,"babelSetting":{"ignore":[],"disablePlugins":[],"outputPath":""},"checkInvalidKey":true,"disableUseStrict":false,"useCompilerPlugins":false,"ignoreDevUnusedFiles":true,"condition":false},"ciVersion":"1.0.113"}}