{
    "usingComponents": {
        "van-switch": "/components/vant/switch/index",
        "van-stepper": "/components/vant/stepper/index",
        "colors": "/pages/zhuanpan/edit/components/colors/colors",
        "loading": "/pages/zhuanpan/edit/components/loading/loading",
        "van-notice-bar": "/components/vant/notice-bar/index",
        "batchAdd": "./components/batchAdd/batchAdd",
        "van-button": "/components/vant/button/index",
        "van-icon": "/components/vant/icon/index",
        "van-popup": "/components/vant/popup/index"
    },
    "navigationBarTitleText": "编辑转盘",
    "navigationBarBackgroundColor": "#fff",
    "navigationBarTextStyle": "black"
}