{"navigationBarTitleText":"","enablePullDownRefresh":false,"usingComponents":{"drag-sort":"../../components/drag-sort/drag-sort","uni-number-box":"../../uni_modules/uni-number-box/components/uni-number-box/uni-number-box","color-picker":"../../components/color-picker/color-picker","uni-collapse-item":"../../uni_modules/uni-collapse/components/uni-collapse-item/uni-collapse-item","uni-collapse":"../../uni_modules/uni-collapse/components/uni-collapse/uni-collapse","uni-popup":"../../uni_modules/uni-popup/components/uni-popup/uni-popup"}}