{
    "navigationBarTitleText": "资讯详情",
    "usingComponents": {
        "Layout": "/components/Layout/Layout",
        "BeautifulParagraph": "/components/BeautifulParagraph/BeautifulParagraph",
        "Html": "/components/Html/Html",
        "IntersectionObserver": "/components/IntersectionObserver/IntersectionObserver",
        "ServiceFollow": "/components/ServiceFollow/ServiceFollow",
        "EntityTags": "/components/EntityTags/EntityTags",
        "SubscribeMessage": "/components/SubscribeMessage/SubscribeMessage",
        "DailyOpenSetting": "/components/DailyOpenSetting/DailyOpenSetting",
        "Delay": "/components/Delay/Delay",
        "EntityTagsBar": "/components/EntityTagsBar/EntityTagsBar",
        "NewActionSheet": "/components/ActionSheet/ActionSheet",
        "DailyCalendar": "/components/DailyCalendar/DailyCalendar",
        "NewsExtension": "/components/NewsExtension/NewsExtension",
        "DailySubRecallDialog": "/components/DailySubRecallDialog/DailySubRecallDialog",
        "DailyCard": "/components/DailyCard/DailyCard"
    }
}