{"id":"","name":"","font_family":"iconfont","css_prefix_text":"icon-","description":"","glyphs":[{"icon_id":"1991486","name":"骰子","font_class":"touzi","unicode":"e76d","unicode_decimal":59245},{"icon_id":"3694947","name":"coin2","font_class":"coin","unicode":"e602","unicode_decimal":58882},{"icon_id":"4767208","name":"真心话","font_class":"zhenxinhua","unicode":"e629","unicode_decimal":58921},{"icon_id":"7064274","name":"大转盘","font_class":"dazhuanpan","unicode":"e633","unicode_decimal":58931},{"icon_id":"12924657","name":"002-smile","font_class":"-smile","unicode":"e60a","unicode_decimal":58890},{"icon_id":"15463133","name":"金币,硬币,货币,Coin","font_class":"jinbi-yingbi-huobi-Coin","unicode":"e618","unicode_decimal":58904},{"icon_id":"20668980","name":"V-259","font_class":"V-259","unicode":"e77c","unicode_decimal":59260},{"icon_id":"24043661","name":"数字递增","font_class":"shuzidizeng","unicode":"e652","unicode_decimal":58962},{"icon_id":"33439307","name":"炸弹","font_class":"zhadan","unicode":"e64a","unicode_decimal":58954}]}