{
    "navigationStyle": "custom",
    "usingComponents": {
        "safe-area": "../../components/safe-area/safe-area",
        "top-nav": "../../components/top-nav/top-nav",
        "share-button": "../../components/share-button/share-button",
        "subscribe-button": "../../components/subscribe-button/subscribe-button",
        "auto-subscribe-modal": "../../components/auto-subscribe-modal/auto-subscribe-modal",
        "follow-official-account-guide": "../../components/follow-official-account-guide/follow-official-account-guide"
    },
    "enablePullDownRefresh": true,
    "backgroundTextStyle": "dark",
    "backgroundColorTop": "#f7f5ff",
    "onReachBottomDistance": 200
}