{"component":true,"usingComponents":{"activity-views":"../activity-views/index","DatePicker":"/components/DatePicker/DateTimePicker","JustifyParagraph":"/components/JustifyParagraph/JustifyParagraph","Layout":"/components/Layout/Layout","Loading":"/components/Loading/Loading","OfficialAccountBar":"/components/OfficialAccountBar/OfficialAccountBar","UserAvatar":"/components/UserAvatar/UserAvatar","van-circle":"/./miniprogram_npm/@vant/weapp/circle/index","van-popup":"/./miniprogram_npm/@vant/weapp/popup/index"}}