{"setting":{"compileHotReLoad":true},"condition":{"miniprogram":{"list":[{"name":"pages/result/result","pathName":"pages/result/result","query":"id=5761","scene":null},{"name":"pages/wait/wait","pathName":"pages/wait/wait","query":"","scene":null},{"name":"pages/subtitle/subtitle","pathName":"pages/subtitle/subtitle","query":"","scene":null},{"name":"pages/account/account","pathName":"pages/account/account","query":"","scene":null},{"name":"pages/work/work","pathName":"pages/work/work","query":"","scene":null},{"name":"pages/version/version","pathName":"pages/version/version","query":"","scene":null},{"name":"pages/happy/happy","pathName":"pages/happy/happy","query":"","scene":null},{"name":"pages/crop/crop","pathName":"pages/crop/crop","query":"","scene":null},{"name":"make","pathName":"pages/make/make","query":"","scene":null},{"name":"pages/index/index","pathName":"pages/index/index","query":"inviter=1&adFree=1","scene":null}]}},"description":"项目私有配置文件。此文件中的内容将覆盖 project.config.json 中的相同字段。项目的改动优先同步到此文件中。详见文档：https://developers.weixin.qq.com/miniprogram/dev/devtools/projectconfig.html","projectname":"p2g"}