{"miniprogramRoot":"","__compileDebugInfo__":{"from":"devtools","useNewCompileModule":true,"devtoolsVersion":"1.06.2402040","compileSetting":{"bundle":true,"urlCheck":false,"coverView":false,"es6":true,"postcss":true,"lazyloadPlaceholderEnable":false,"skylineRenderEnable":false,"preloadBackgroundData":false,"minified":true,"autoAudits":false,"uglifyFileName":false,"uploadWithSourceMap":true,"scriptsEnable":false,"enhance":true,"useMultiFrameRuntime":true,"useApiHook":true,"useApiHostProcess":true,"showShadowRootInWxmlPanel":false,"packNpmManually":false,"packNpmRelationList":[],"minifyWXSS":true,"minifyWXML":true,"useStaticServer":false,"useLanDebug":false,"showES6CompileOption":false,"localPlugins":false,"compileHotReLoad":false,"bigPackageSizeSupport":false,"babelSetting":{"ignore":[],"disablePlugins":[],"outputPath":""},"checkInvalidKey":true,"disableUseStrict":false,"useCompilerPlugins":false,"ignoreDevUnusedFiles":true,"condition":false,"compileWorklet":false},"ciVersion":"1.0.340"}}